{
    "avg_prec": 0.5006048278590434,
    "roc_auc": 0.9660523283807951
}